ts,sport,match_id,title,score,segment,segment_score,market,selection,price,is_active
"2026-08-25T16:00:25.500Z","esports_counter_strike","51eaad7d-a45a-4dc3-898c-96ae03c5cd95","Evil Ghost vs WhiteThunder","1:0","","","Победитель","Evil Ghost","1.44","true"
"2026-08-25T16:00:25.500Z","esports_counter_strike","51eaad7d-a45a-4dc3-898c-96ae03c5cd95","Evil Ghost vs WhiteThunder","1:0","","","Победитель","WhiteThunder","2.59","true"
"2026-08-25T16:00:25.500Z","esports_counter_strike","dbe576ca-3605-4b74-a036-0c4e3b94374c","1WIN vs Locura Gatos","0:0","","","Победитель","1WIN","1","false"
"2026-08-25T16:00:25.500Z","esports_counter_strike","dbe576ca-3605-4b74-a036-0c4e3b94374c","1WIN vs Locura Gatos","0:0","","","Победитель","Locura Gatos","14","true"
"2026-08-25T16:00:25.500Z","esports_counter_strike","c97d03cf-b4d8-471e-bb14-4316ac69708d","Just Players vs ex-Zero Tenacity","1:0","","","Победитель","Just Players","1.56","true"
"2026-08-25T16:00:25.500Z","esports_counter_strike","c97d03cf-b4d8-471e-bb14-4316ac69708d","Just Players vs ex-Zero Tenacity","1:0","","","Победитель","ex-Zero Tenacity","2.29","true"
"2026-08-25T16:01:19.500Z","esports_counter_strike","51eaad7d-a45a-4dc3-898c-96ae03c5cd95","Evil Ghost vs WhiteThunder","1:0","2","11:13","Победитель","Evil Ghost","1.64","true"
"2026-08-25T16:01:19.500Z","esports_counter_strike","51eaad7d-a45a-4dc3-898c-96ae03c5cd95","Evil Ghost vs WhiteThunder","1:0","2","11:13","Победитель","WhiteThunder","2.12","true"
"2026-08-25T16:01:57.000Z","esports_counter_strike","c97d03cf-b4d8-471e-bb14-4316ac69708d","Just Players vs ex-Zero Tenacity","1:0","2","6:10","Победитель","Just Players","1.58","true"
"2026-08-25T16:01:57.000Z","esports_counter_strike","c97d03cf-b4d8-471e-bb14-4316ac69708d","Just Players vs ex-Zero Tenacity","1:0","2","6:10","Победитель","ex-Zero Tenacity","2.23","true"
"2026-08-25T16:02:09.000Z","esports_counter_strike","c97d03cf-b4d8-471e-bb14-4316ac69708d","Just Players vs ex-Zero Tenacity","1:0","2","6:10","Победитель","Just Players","1.61","true"
"2026-08-25T16:02:09.000Z","esports_counter_strike","c97d03cf-b4d8-471e-bb14-4316ac69708d","Just Players vs ex-Zero Tenacity","1:0","2","6:10","Победитель","ex-Zero Tenacity","2.18","true"
"2026-08-25T16:02:27.000Z","esports_counter_strike","c97d03cf-b4d8-471e-bb14-4316ac69708d","Just Players vs ex-Zero Tenacity","1:0","2","6:11","Победитель","Just Players","1.56","true"
"2026-08-25T16:02:27.000Z","esports_counter_strike","c97d03cf-b4d8-471e-bb14-4316ac69708d","Just Players vs ex-Zero Tenacity","1:0","2","6:11","Победитель","ex-Zero Tenacity","2.32","true"
"2026-08-25T16:03:03.000Z","esports_league_of_legends","c7dc5303-57f4-4466-abd8-414658bc2442","BNK FearX Youth vs Hanwha Life Esports Challengers","1:0","","","Победитель","BNK FearX Youth","1.1","true"
"2026-08-25T16:03:03.000Z","esports_league_of_legends","c7dc5303-57f4-4466-abd8-414658bc2442","BNK FearX Youth vs Hanwha Life Esports Challengers","1:0","","","Победитель","Hanwha Life Esports Challengers","6.23","true"
"2026-08-25T16:03:03.000Z","esports_league_of_legends","c7dc5303-57f4-4466-abd8-414658bc2442","BNK FearX Youth vs Hanwha Life Esports Challengers","1:0","","","Фора по картам","BNK FearX Youth (-2.5)","1.86","true"
"2026-08-25T16:03:03.000Z","esports_league_of_legends","c7dc5303-57f4-4466-abd8-414658bc2442","BNK FearX Youth vs Hanwha Life Esports Challengers","1:0","","","Фора по картам","Hanwha Life Esports Challengers (+2.5)","1.88","true"
"2026-08-25T16:03:03.000Z","esports_league_of_legends","c7dc5303-57f4-4466-abd8-414658bc2442","BNK FearX Youth vs Hanwha Life Esports Challengers","1:0","","","Тотал карт","Больше 3.5","3.39","true"
"2026-08-25T16:03:03.000Z","esports_league_of_legends","c7dc5303-57f4-4466-abd8-414658bc2442","BNK FearX Youth vs Hanwha Life Esports Challengers","1:0","","","Тотал карт","Меньше 3.5","1.29","true"
"2026-08-25T16:03:57.000Z","esports_dota_2","e08659a9-2de6-49cc-87e5-ebb5b503107c","Immortal Squad vs Dark Tamplars","0:1","","","Победитель","Immortal Squad","5.29","true"
"2026-08-25T16:03:57.000Z","esports_dota_2","e08659a9-2de6-49cc-87e5-ebb5b503107c","Immortal Squad vs Dark Tamplars","0:1","","","Победитель","Dark Tamplars","1.14","true"
"2026-08-25T16:03:57.000Z","esports_dota_2","e08659a9-2de6-49cc-87e5-ebb5b503107c","Immortal Squad vs Dark Tamplars","0:1","","","Фора по картам","Immortal Squad (+1.5)","1.94","true"
"2026-08-25T16:03:57.000Z","esports_dota_2","e08659a9-2de6-49cc-87e5-ebb5b503107c","Immortal Squad vs Dark Tamplars","0:1","","","Фора по картам","Dark Tamplars (-1.5)","1.8","true"
"2026-08-25T16:03:57.000Z","esports_dota_2","e08659a9-2de6-49cc-87e5-ebb5b503107c","Immortal Squad vs Dark Tamplars","0:1","","","Тотал карт","Больше 2.5","3.1","true"
"2026-08-25T16:03:57.000Z","esports_dota_2","e08659a9-2de6-49cc-87e5-ebb5b503107c","Immortal Squad vs Dark Tamplars","0:1","","","Тотал карт","Меньше 2.5","1.34","true"
"2026-08-25T16:03:57.000Z","esports_dota_2","44feb73c-0c98-4745-ba41-a686b12d89aa","Klim Sani4 vs Team Lynx","0:0","","","Победитель","Klim Sani4","1.09","true"
"2026-08-25T16:03:57.000Z","esports_dota_2","44feb73c-0c98-4745-ba41-a686b12d89aa","Klim Sani4 vs Team Lynx","0:0","","","Победитель","Team Lynx","6.7","true"
"2026-08-25T16:03:57.000Z","esports_dota_2","44feb73c-0c98-4745-ba41-a686b12d89aa","Klim Sani4 vs Team Lynx","0:0","","","Фора по картам","Klim Sani4 (-1.5)","1.93","true"
"2026-08-25T16:03:57.000Z","esports_dota_2","44feb73c-0c98-4745-ba41-a686b12d89aa","Klim Sani4 vs Team Lynx","0:0","","","Фора по картам","Team Lynx (+1.5)","1.82","true"
"2026-08-25T16:03:57.000Z","esports_dota_2","44feb73c-0c98-4745-ba41-a686b12d89aa","Klim Sani4 vs Team Lynx","0:0","","","Тотал карт","Больше 2.5","4.03","true"
"2026-08-25T16:03:57.000Z","esports_dota_2","44feb73c-0c98-4745-ba41-a686b12d89aa","Klim Sani4 vs Team Lynx","0:0","","","Тотал карт","Меньше 2.5","1.22","true"
"2026-08-25T16:03:57.000Z","esports_dota_2","9edc1d53-9695-46ae-952f-c30e7b5d9c29","LV United vs The Last Titan","0:0","","","Победитель","LV United","1.92","false"
"2026-08-25T16:03:57.000Z","esports_dota_2","9edc1d53-9695-46ae-952f-c30e7b5d9c29","LV United vs The Last Titan","0:0","","","Победитель","The Last Titan","1.82","false"
"2026-08-25T16:03:57.000Z","esports_dota_2","9edc1d53-9695-46ae-952f-c30e7b5d9c29","LV United vs The Last Titan","0:0","","","Фора по картам","LV United (+1.5)","1.59","false"
"2026-08-25T16:03:57.000Z","esports_dota_2","9edc1d53-9695-46ae-952f-c30e7b5d9c29","LV United vs The Last Titan","0:0","","","Фора по картам","The Last Titan (-1.5)","2.26","false"
"2026-08-25T16:03:57.000Z","esports_dota_2","9edc1d53-9695-46ae-952f-c30e7b5d9c29","LV United vs The Last Titan","0:0","","","Тотал карт","Больше 2.5","1.63","false"
"2026-08-25T16:03:57.000Z","esports_dota_2","9edc1d53-9695-46ae-952f-c30e7b5d9c29","LV United vs The Last Titan","0:0","","","Тотал карт","Меньше 2.5","2.2","false"
"2026-08-25T16:03:57.000Z","esports_dota_2","687d2fd8-525b-472c-a6c3-e22cf5061ac4","Nethercore vs Jujutsu","0:1","","","Победитель","Nethercore","4.39","true"
"2026-08-25T16:03:57.000Z","esports_dota_2","687d2fd8-525b-472c-a6c3-e22cf5061ac4","Nethercore vs Jujutsu","0:1","","","Победитель","Jujutsu","1.19","true"
"2026-08-25T16:03:57.000Z","esports_dota_2","687d2fd8-525b-472c-a6c3-e22cf5061ac4","Nethercore vs Jujutsu","0:1","","","Фора по картам","Nethercore (+1.5)","1.54","true"
"2026-08-25T16:03:57.000Z","esports_dota_2","687d2fd8-525b-472c-a6c3-e22cf5061ac4","Nethercore vs Jujutsu","0:1","","","Фора по картам","Jujutsu (-1.5)","2.37","true"
"2026-08-25T16:03:57.000Z","esports_dota_2","687d2fd8-525b-472c-a6c3-e22cf5061ac4","Nethercore vs Jujutsu","0:1","","","Тотал карт","Больше 2.5","1.4","true"
"2026-08-25T16:03:57.000Z","esports_dota_2","687d2fd8-525b-472c-a6c3-e22cf5061ac4","Nethercore vs Jujutsu","0:1","","","Тотал карт","Меньше 2.5","2.8","true"
"2026-08-25T16:05:16.500Z","tennis","63061260-279b-4bd4-b182-165ad0b3f6a7","Федерико Яннакконе vs Алексей Крутых","0:0","","","Победитель","Федерико Яннакконе","6.89","true"
"2026-08-25T16:05:16.500Z","tennis","63061260-279b-4bd4-b182-165ad0b3f6a7","Федерико Яннакконе vs Алексей Крутых","0:0","","","Победитель","Алексей Крутых","1.08","true"
"2026-08-25T16:05:16.500Z","tennis","63061260-279b-4bd4-b182-165ad0b3f6a7","Федерико Яннакконе vs Алексей Крутых","0:0","","","Фора по Геймам","Федерико Яннакконе (+4.5)","2.06","true"
"2026-08-25T16:05:16.500Z","tennis","63061260-279b-4bd4-b182-165ad0b3f6a7","Федерико Яннакконе vs Алексей Крутых","0:0","","","Фора по Геймам","Алексей Крутых (-4.5)","1.71","true"
"2026-08-25T16:05:16.500Z","tennis","63061260-279b-4bd4-b182-165ad0b3f6a7","Федерико Яннакконе vs Алексей Крутых","0:0","","","Тотал геймов","Больше 21.5","2.17","true"
"2026-08-25T16:05:16.500Z","tennis","63061260-279b-4bd4-b182-165ad0b3f6a7","Федерико Яннакконе vs Алексей Крутых","0:0","","","Тотал геймов","Меньше 21.5","1.64","true"
"2026-08-25T16:05:16.500Z","tennis","a7b73a8d-cee0-483b-a8f1-380645867ad6","Matthew Donald vs Хассан, Беньямин","0:1","","","Победитель","Matthew Donald","6.09","true"
"2026-08-25T16:05:16.500Z","tennis","a7b73a8d-cee0-483b-a8f1-380645867ad6","Matthew Donald vs Хассан, Беньямин","0:1","","","Победитель","Хассан, Беньямин","1.1","true"
"2026-08-25T16:05:16.500Z","tennis","a7b73a8d-cee0-483b-a8f1-380645867ad6","Matthew Donald vs Хассан, Беньямин","0:1","","","Фора по Геймам","Matthew Donald (+4.5)","1.79","true"
"2026-08-25T16:05:16.500Z","tennis","a7b73a8d-cee0-483b-a8f1-380645867ad6","Matthew Donald vs Хассан, Беньямин","0:1","","","Фора по Геймам","Хассан, Беньямин (-4.5)","1.96","true"
"2026-08-25T16:05:16.500Z","tennis","a7b73a8d-cee0-483b-a8f1-380645867ad6","Matthew Donald vs Хассан, Беньямин","0:1","","","Тотал геймов","Больше 19.5","2.21","true"
"2026-08-25T16:05:16.500Z","tennis","a7b73a8d-cee0-483b-a8f1-380645867ad6","Matthew Donald vs Хассан, Беньямин","0:1","","","Тотал геймов","Меньше 19.5","1.62","true"
"2026-08-25T16:05:16.500Z","tennis","686b284b-f108-4ce0-ac8a-46c042878c26","Раду Албот vs Леонардо Росси","0:0","","","Победитель","Раду Албот","2.03","true"
"2026-08-25T16:05:16.500Z","tennis","686b284b-f108-4ce0-ac8a-46c042878c26","Раду Албот vs Леонардо Росси","0:0","","","Победитель","Леонардо Росси","1.73","true"
"2026-08-25T16:05:16.500Z","tennis","686b284b-f108-4ce0-ac8a-46c042878c26","Раду Албот vs Леонардо Росси","0:0","","","Фора по Геймам","Раду Албот (+0.5)","2","true"
"2026-08-25T16:05:16.500Z","tennis","686b284b-f108-4ce0-ac8a-46c042878c26","Раду Албот vs Леонардо Росси","0:0","","","Фора по Геймам","Леонардо Росси (-0.5)","1.76","true"
"2026-08-25T16:05:16.500Z","tennis","686b284b-f108-4ce0-ac8a-46c042878c26","Раду Албот vs Леонардо Росси","0:0","","","Тотал геймов","Больше 22.5","1.94","true"
"2026-08-25T16:05:16.500Z","tennis","686b284b-f108-4ce0-ac8a-46c042878c26","Раду Албот vs Леонардо Росси","0:0","","","Тотал геймов","Меньше 22.5","1.8","true"
"2026-08-25T16:05:16.500Z","tennis","6abd83ec-7b53-48a1-a809-87e3b46631a6","Мика Брунольд vs Liam Gavrielides","0:0","","","Победитель","Мика Брунольд","1.07","true"
"2026-08-25T16:05:16.500Z","tennis","6abd83ec-7b53-48a1-a809-87e3b46631a6","Мика Брунольд vs Liam Gavrielides","0:0","","","Победитель","Liam Gavrielides","7.45","true"
"2026-08-25T16:05:16.500Z","tennis","6abd83ec-7b53-48a1-a809-87e3b46631a6","Мика Брунольд vs Liam Gavrielides","0:0","","","Фора по Геймам","Мика Брунольд (-6.5)","1.88","true"
"2026-08-25T16:05:16.500Z","tennis","6abd83ec-7b53-48a1-a809-87e3b46631a6","Мика Брунольд vs Liam Gavrielides","0:0","","","Фора по Геймам","Liam Gavrielides (+6.5)","1.86","true"
"2026-08-25T16:05:16.500Z","tennis","6abd83ec-7b53-48a1-a809-87e3b46631a6","Мика Брунольд vs Liam Gavrielides","0:0","","","Тотал геймов","Больше 17.5","1.64","true"
"2026-08-25T16:05:16.500Z","tennis","6abd83ec-7b53-48a1-a809-87e3b46631a6","Мика Брунольд vs Liam Gavrielides","0:0","","","Тотал геймов","Меньше 17.5","2.18","true"
"2026-08-25T16:05:16.500Z","tennis","8a61df01-60a2-4cea-83fd-4006c2d08666","Alena Kovackova vs Laura Boehner","0:0","","","2-й Сет Победитель","Alena Kovackova","1.05","true"
"2026-08-25T16:05:16.500Z","tennis","8a61df01-60a2-4cea-83fd-4006c2d08666","Alena Kovackova vs Laura Boehner","0:0","","","2-й Сет Победитель","Laura Boehner","8.43","true"
"2026-08-25T16:05:16.500Z","tennis","8a61df01-60a2-4cea-83fd-4006c2d08666","Alena Kovackova vs Laura Boehner","0:0","","","Фора по Геймам","Alena Kovackova (-8.5)","2","true"
"2026-08-25T16:05:16.500Z","tennis","8a61df01-60a2-4cea-83fd-4006c2d08666","Alena Kovackova vs Laura Boehner","0:0","","","Фора по Геймам","Laura Boehner (+8.5)","1.76","true"
"2026-08-25T16:05:16.500Z","tennis","8a61df01-60a2-4cea-83fd-4006c2d08666","Alena Kovackova vs Laura Boehner","0:0","","","Тотал геймов","Больше 15.5","1.9","true"
"2026-08-25T16:05:16.500Z","tennis","8a61df01-60a2-4cea-83fd-4006c2d08666","Alena Kovackova vs Laura Boehner","0:0","","","Тотал геймов","Меньше 15.5","1.84","true"
"2026-08-25T16:05:16.500Z","tennis","a6647921-8a8f-4d49-b833-39382853dc77","Inaki Montes-De La Torre vs Oskari Paldanius","0:0","","","Победитель","Inaki Montes-De La Torre","1.32","true"
"2026-08-25T16:05:16.500Z","tennis","a6647921-8a8f-4d49-b833-39382853dc77","Inaki Montes-De La Torre vs Oskari Paldanius","0:0","","","Победитель","Oskari Paldanius","3.22","true"
"2026-08-25T16:05:16.500Z","tennis","a6647921-8a8f-4d49-b833-39382853dc77","Inaki Montes-De La Torre vs Oskari Paldanius","0:0","","","Фора по Геймам","Inaki Montes-De La Torre (+1.5)","1.82","true"
"2026-08-25T16:05:16.500Z","tennis","a6647921-8a8f-4d49-b833-39382853dc77","Inaki Montes-De La Torre vs Oskari Paldanius","0:0","","","Фора по Геймам","Oskari Paldanius (-1.5)","1.92","true"
"2026-08-25T16:05:16.500Z","tennis","a6647921-8a8f-4d49-b833-39382853dc77","Inaki Montes-De La Torre vs Oskari Paldanius","0:0","","","Тотал геймов","Больше 22.5","1.59","true"
"2026-08-25T16:05:16.500Z","tennis","a6647921-8a8f-4d49-b833-39382853dc77","Inaki Montes-De La Torre vs Oskari Paldanius","0:0","","","Тотал геймов","Меньше 22.5","2.26","true"
"2026-08-25T16:05:16.500Z","tennis","910c3704-13eb-445d-89d8-a78a3c7c3e6f","Gaeul Jang vs Sophie Triquart","0:0","","","Победитель","Gaeul Jang","1.28","true"
"2026-08-25T16:05:16.500Z","tennis","910c3704-13eb-445d-89d8-a78a3c7c3e6f","Gaeul Jang vs Sophie Triquart","0:0","","","Победитель","Sophie Triquart","3.48","true"
"2026-08-25T16:05:16.500Z","tennis","910c3704-13eb-445d-89d8-a78a3c7c3e6f","Gaeul Jang vs Sophie Triquart","0:0","","","Фора по Геймам","Gaeul Jang (-2.5)","1.81","true"
"2026-08-25T16:05:16.500Z","tennis","910c3704-13eb-445d-89d8-a78a3c7c3e6f","Gaeul Jang vs Sophie Triquart","0:0","","","Фора по Геймам","Sophie Triquart (+2.5)","1.94","true"
"2026-08-25T16:05:16.500Z","tennis","910c3704-13eb-445d-89d8-a78a3c7c3e6f","Gaeul Jang vs Sophie Triquart","0:0","","","Тотал геймов","Больше 21.5","1.55","true"
"2026-08-25T16:05:16.500Z","tennis","910c3704-13eb-445d-89d8-a78a3c7c3e6f","Gaeul Jang vs Sophie Triquart","0:0","","","Тотал геймов","Меньше 21.5","2.35","true"
"2026-08-25T16:05:16.500Z","tennis","429ab937-4aaa-4695-8044-f1f4f1128c09","Oliver Bonding vs Millen Hurrion","0:0","","","Победитель","Oliver Bonding","1.35","true"
"2026-08-25T16:05:16.500Z","tennis","429ab937-4aaa-4695-8044-f1f4f1128c09","Oliver Bonding vs Millen Hurrion","0:0","","","Победитель","Millen Hurrion","3.04","true"
"2026-08-25T16:05:16.500Z","tennis","429ab937-4aaa-4695-8044-f1f4f1128c09","Oliver Bonding vs Millen Hurrion","0:0","","","Фора по Геймам","Oliver Bonding (-3.5)","1.81","true"
"2026-08-25T16:05:16.500Z","tennis","429ab937-4aaa-4695-8044-f1f4f1128c09","Oliver Bonding vs Millen Hurrion","0:0","","","Фора по Геймам","Millen Hurrion (+3.5)","1.94","true"
"2026-08-25T16:05:16.500Z","tennis","429ab937-4aaa-4695-8044-f1f4f1128c09","Oliver Bonding vs Millen Hurrion","0:0","","","Тотал геймов","Больше 24.5","1.36","true"
"2026-08-25T16:05:16.500Z","tennis","429ab937-4aaa-4695-8044-f1f4f1128c09","Oliver Bonding vs Millen Hurrion","0:0","","","Тотал геймов","Меньше 24.5","2.97","true"
"2026-08-25T16:05:16.500Z","tennis","34e0c422-6e4a-41f5-9c3e-194b3d1abf59","Tahlia Kokkinis vs Ana Petkovic","1:0","","","2-й Сет - Победитель гейма","Tahlia Kokkinis 7","1.49","true"
"2026-08-25T16:05:16.500Z","tennis","34e0c422-6e4a-41f5-9c3e-194b3d1abf59","Tahlia Kokkinis vs Ana Petkovic","1:0","","","2-й Сет - Победитель гейма","Ana Petkovic 7","2.51","true"
"2026-08-25T16:05:16.500Z","tennis","34e0c422-6e4a-41f5-9c3e-194b3d1abf59","Tahlia Kokkinis vs Ana Petkovic","1:0","","","Фора по Геймам","Tahlia Kokkinis (-7.5)","1.33","true"
"2026-08-25T16:05:16.500Z","tennis","34e0c422-6e4a-41f5-9c3e-194b3d1abf59","Tahlia Kokkinis vs Ana Petkovic","1:0","","","Фора по Геймам","Ana Petkovic (+7.5)","3.16","true"
"2026-08-25T16:05:16.500Z","tennis","34e0c422-6e4a-41f5-9c3e-194b3d1abf59","Tahlia Kokkinis vs Ana Petkovic","1:0","","","Тотал геймов","Больше 16.5","2.56","true"
"2026-08-25T16:05:16.500Z","tennis","34e0c422-6e4a-41f5-9c3e-194b3d1abf59","Tahlia Kokkinis vs Ana Petkovic","1:0","","","Тотал геймов","Меньше 16.5","1.47","true"
"2026-08-25T16:05:16.500Z","tennis","4ffcbfa8-cb2c-410e-b91a-d88b57881461","Marc Vives Martinez vs Andrea Baudel","0:0","","","2-й Сет Победитель","Marc Vives Martinez","9.54","true"
"2026-08-25T16:05:16.500Z","tennis","4ffcbfa8-cb2c-410e-b91a-d88b57881461","Marc Vives Martinez vs Andrea Baudel","0:0","","","2-й Сет Победитель","Andrea Baudel","1.04","true"
"2026-08-25T16:05:16.500Z","tennis","4ffcbfa8-cb2c-410e-b91a-d88b57881461","Marc Vives Martinez vs Andrea Baudel","0:0","","","Фора по Геймам","Marc Vives Martinez (+9.5)","1.67","true"
"2026-08-25T16:05:16.500Z","tennis","4ffcbfa8-cb2c-410e-b91a-d88b57881461","Marc Vives Martinez vs Andrea Baudel","0:0","","","Фора по Геймам","Andrea Baudel (-9.5)","2.13","true"
"2026-08-25T16:05:16.500Z","tennis","4ffcbfa8-cb2c-410e-b91a-d88b57881461","Marc Vives Martinez vs Andrea Baudel","0:0","","","Тотал геймов","Больше 14.5","1.72","true"
"2026-08-25T16:05:16.500Z","tennis","4ffcbfa8-cb2c-410e-b91a-d88b57881461","Marc Vives Martinez vs Andrea Baudel","0:0","","","Тотал геймов","Меньше 14.5","2.05","true"
"2026-08-25T16:05:16.500Z","tennis","eee2860a-a497-45e1-8e85-0b59c2aba01f","Gina Marie Dittmann vs Ирина Фетекау","1:0","","","Победитель","Gina Marie Dittmann","1.23","true"
"2026-08-25T16:05:16.500Z","tennis","eee2860a-a497-45e1-8e85-0b59c2aba01f","Gina Marie Dittmann vs Ирина Фетекау","1:0","","","Победитель","Ирина Фетекау","3.87","true"
"2026-08-25T16:05:16.500Z","tennis","eee2860a-a497-45e1-8e85-0b59c2aba01f","Gina Marie Dittmann vs Ирина Фетекау","1:0","","","Фора по Геймам","Gina Marie Dittmann (-4.5)","1.88","true"
"2026-08-25T16:05:16.500Z","tennis","eee2860a-a497-45e1-8e85-0b59c2aba01f","Gina Marie Dittmann vs Ирина Фетекау","1:0","","","Фора по Геймам","Ирина Фетекау (+4.5)","1.86","true"
"2026-08-25T16:05:16.500Z","tennis","eee2860a-a497-45e1-8e85-0b59c2aba01f","Gina Marie Dittmann vs Ирина Фетекау","1:0","","","Тотал геймов","Больше 19.5","1.62","true"
"2026-08-25T16:05:16.500Z","tennis","eee2860a-a497-45e1-8e85-0b59c2aba01f","Gina Marie Dittmann vs Ирина Фетекау","1:0","","","Тотал геймов","Меньше 19.5","2.21","true"
"2026-08-25T16:05:16.500Z","tennis","8b9a245c-9e0e-4356-9681-0ad64d204869","Sevil Yuldasheva vs Тома, Мария","0:0","","","Победитель","Sevil Yuldasheva","1.69","true"
"2026-08-25T16:05:16.500Z","tennis","8b9a245c-9e0e-4356-9681-0ad64d204869","Sevil Yuldasheva vs Тома, Мария","0:0","","","Победитель","Тома, Мария","2.08","true"
"2026-08-25T16:05:16.500Z","tennis","8b9a245c-9e0e-4356-9681-0ad64d204869","Sevil Yuldasheva vs Тома, Мария","0:0","","","Фора по Геймам","Sevil Yuldasheva (+0.5)","1.91","true"
"2026-08-25T16:05:16.500Z","tennis","8b9a245c-9e0e-4356-9681-0ad64d204869","Sevil Yuldasheva vs Тома, Мария","0:0","","","Фора по Геймам","Тома, Мария (-0.5)","1.83","true"
"2026-08-25T16:05:16.500Z","tennis","8b9a245c-9e0e-4356-9681-0ad64d204869","Sevil Yuldasheva vs Тома, Мария","0:0","","","Тотал геймов","Больше 23.5","1.76","true"
"2026-08-25T16:05:16.500Z","tennis","8b9a245c-9e0e-4356-9681-0ad64d204869","Sevil Yuldasheva vs Тома, Мария","0:0","","","Тотал геймов","Меньше 23.5","1.99","true"
"2026-08-25T16:06:01.500Z","esports_dota_2","44feb73c-0c98-4745-ba41-a686b12d89aa","Klim Sani4 vs Team Lynx","0:0","1","9:8","Фора по картам","Klim Sani4 (-1.5)","1.96","true"
"2026-08-25T16:06:01.500Z","esports_dota_2","44feb73c-0c98-4745-ba41-a686b12d89aa","Klim Sani4 vs Team Lynx","0:0","1","9:8","Фора по картам","Team Lynx (+1.5)","1.79","true"
"2026-08-25T16:06:31.500Z","esports_dota_2","9edc1d53-9695-46ae-952f-c30e7b5d9c29","LV United vs The Last Titan","0:0","1","9:11","Победитель","LV United","1.93","true"
"2026-08-25T16:06:31.500Z","esports_dota_2","9edc1d53-9695-46ae-952f-c30e7b5d9c29","LV United vs The Last Titan","0:0","1","9:11","Победитель","The Last Titan","1.81","true"
"2026-08-25T16:06:31.500Z","esports_dota_2","9edc1d53-9695-46ae-952f-c30e7b5d9c29","LV United vs The Last Titan","0:0","1","9:11","Фора по картам","LV United (+1.5)","1.56","true"
"2026-08-25T16:06:31.500Z","esports_dota_2","9edc1d53-9695-46ae-952f-c30e7b5d9c29","LV United vs The Last Titan","0:0","1","9:11","Фора по картам","The Last Titan (-1.5)","2.34","true"
"2026-08-25T16:06:37.500Z","tennis","a7b73a8d-cee0-483b-a8f1-380645867ad6","Matthew Donald vs Хассан, Беньямин","0:1","2","0:1","Победитель","Matthew Donald","5.61","true"
"2026-08-25T16:06:37.500Z","tennis","a7b73a8d-cee0-483b-a8f1-380645867ad6","Matthew Donald vs Хассан, Беньямин","0:1","2","0:1","Победитель","Хассан, Беньямин","1.12","true"
"2026-08-25T16:06:37.500Z","tennis","a7b73a8d-cee0-483b-a8f1-380645867ad6","Matthew Donald vs Хассан, Беньямин","0:1","2","0:1","Фора по Геймам","Matthew Donald (+4.5)","1.64","true"
"2026-08-25T16:06:37.500Z","tennis","a7b73a8d-cee0-483b-a8f1-380645867ad6","Matthew Donald vs Хассан, Беньямин","0:1","2","0:1","Фора по Геймам","Хассан, Беньямин (-4.5)","2.18","true"
"2026-08-25T16:06:37.500Z","tennis","a7b73a8d-cee0-483b-a8f1-380645867ad6","Matthew Donald vs Хассан, Беньямин","0:1","2","0:1","Тотал геймов","Больше 19.5","1.97","true"
"2026-08-25T16:06:37.500Z","tennis","a7b73a8d-cee0-483b-a8f1-380645867ad6","Matthew Donald vs Хассан, Беньямин","0:1","2","0:1","Тотал геймов","Меньше 19.5","1.78","true"
"2026-08-25T16:06:40.500Z","esports_league_of_legends","c7dc5303-57f4-4466-abd8-414658bc2442","BNK FearX Youth vs Hanwha Life Esports Challengers","1:0","2","5:3","Победитель","Hanwha Life Esports Challengers","6.36","true"
"2026-08-25T16:06:40.500Z","esports_league_of_legends","c7dc5303-57f4-4466-abd8-414658bc2442","BNK FearX Youth vs Hanwha Life Esports Challengers","1:0","2","5:3","Фора по картам","BNK FearX Youth (-2.5)","1.83","true"
"2026-08-25T16:06:40.500Z","esports_league_of_legends","c7dc5303-57f4-4466-abd8-414658bc2442","BNK FearX Youth vs Hanwha Life Esports Challengers","1:0","2","5:3","Фора по картам","Hanwha Life Esports Challengers (+2.5)","1.91","true"
"2026-08-25T16:06:40.500Z","esports_league_of_legends","c7dc5303-57f4-4466-abd8-414658bc2442","BNK FearX Youth vs Hanwha Life Esports Challengers","1:0","2","5:3","Тотал карт","Больше 3.5","3.46","true"
"2026-08-25T16:06:40.500Z","esports_league_of_legends","c7dc5303-57f4-4466-abd8-414658bc2442","BNK FearX Youth vs Hanwha Life Esports Challengers","1:0","2","5:3","Тотал карт","Меньше 3.5","1.28","true"
"2026-08-25T16:06:57.000Z","esports_dota_2","9edc1d53-9695-46ae-952f-c30e7b5d9c29","LV United vs The Last Titan","0:0","1","9:11","Победитель","LV United","1.9","true"
"2026-08-25T16:06:57.000Z","esports_dota_2","9edc1d53-9695-46ae-952f-c30e7b5d9c29","LV United vs The Last Titan","0:0","1","9:11","Победитель","The Last Titan","1.84","true"
"2026-08-25T16:07:06.000Z","esports_league_of_legends","c7dc5303-57f4-4466-abd8-414658bc2442","BNK FearX Youth vs Hanwha Life Esports Challengers","1:0","2","5:3","Победитель","Hanwha Life Esports Challengers","6.23","true"
"2026-08-25T16:07:06.000Z","esports_league_of_legends","c7dc5303-57f4-4466-abd8-414658bc2442","BNK FearX Youth vs Hanwha Life Esports Challengers","1:0","2","5:3","Фора по картам","BNK FearX Youth (-2.5)","1.86","true"
"2026-08-25T16:07:06.000Z","esports_league_of_legends","c7dc5303-57f4-4466-abd8-414658bc2442","BNK FearX Youth vs Hanwha Life Esports Challengers","1:0","2","5:3","Фора по картам","Hanwha Life Esports Challengers (+2.5)","1.88","true"
"2026-08-25T16:07:06.000Z","esports_league_of_legends","c7dc5303-57f4-4466-abd8-414658bc2442","BNK FearX Youth vs Hanwha Life Esports Challengers","1:0","2","5:3","Тотал карт","Больше 3.5","3.39","true"
"2026-08-25T16:07:06.000Z","esports_league_of_legends","c7dc5303-57f4-4466-abd8-414658bc2442","BNK FearX Youth vs Hanwha Life Esports Challengers","1:0","2","5:3","Тотал карт","Меньше 3.5","1.29","true"
"2026-08-25T16:07:09.000Z","tennis","686b284b-f108-4ce0-ac8a-46c042878c26","Раду Албот vs Леонардо Росси","0:0","1","3:5","Тотал геймов","Больше 22.5","1.96","true"
"2026-08-25T16:07:09.000Z","tennis","686b284b-f108-4ce0-ac8a-46c042878c26","Раду Албот vs Леонардо Росси","0:0","1","3:5","Тотал геймов","Меньше 22.5","1.78","true"
"2026-08-25T16:07:19.500Z","tennis","686b284b-f108-4ce0-ac8a-46c042878c26","Раду Албот vs Леонардо Росси","0:0","1","3:5","Победитель","Раду Албот","2.43","true"
"2026-08-25T16:07:19.500Z","tennis","686b284b-f108-4ce0-ac8a-46c042878c26","Раду Албот vs Леонардо Росси","0:0","1","3:5","Победитель","Леонардо Росси","1.52","true"
"2026-08-25T16:07:19.500Z","tennis","686b284b-f108-4ce0-ac8a-46c042878c26","Раду Албот vs Леонардо Росси","0:0","1","3:5","Фора по Геймам","Раду Албот (+3.5)","1.97","true"
"2026-08-25T16:07:19.500Z","tennis","686b284b-f108-4ce0-ac8a-46c042878c26","Раду Албот vs Леонардо Росси","0:0","1","3:5","Фора по Геймам","Леонардо Росси (-3.5)","1.78","true"
"2026-08-25T16:07:19.500Z","tennis","686b284b-f108-4ce0-ac8a-46c042878c26","Раду Албот vs Леонардо Росси","0:0","1","3:5","Тотал геймов","Больше 24.5","2.12","true"
"2026-08-25T16:07:19.500Z","tennis","686b284b-f108-4ce0-ac8a-46c042878c26","Раду Албот vs Леонардо Росси","0:0","1","3:5","Тотал геймов","Меньше 24.5","1.67","true"
"2026-08-25T16:07:21.000Z","tennis","a7b73a8d-cee0-483b-a8f1-380645867ad6","Matthew Donald vs Хассан, Беньямин","0:1","2","0:1","Фора по Геймам","Matthew Donald (+4.5)","1.67","true"
"2026-08-25T16:07:21.000Z","tennis","a7b73a8d-cee0-483b-a8f1-380645867ad6","Matthew Donald vs Хассан, Беньямин","0:1","2","0:1","Фора по Геймам","Хассан, Беньямин (-4.5)","2.12","true"
"2026-08-25T16:07:21.000Z","tennis","a7b73a8d-cee0-483b-a8f1-380645867ad6","Matthew Donald vs Хассан, Беньямин","0:1","2","0:1","Тотал геймов","Больше 19.5","2.02","true"
"2026-08-25T16:07:21.000Z","tennis","a7b73a8d-cee0-483b-a8f1-380645867ad6","Matthew Donald vs Хассан, Беньямин","0:1","2","0:1","Тотал геймов","Меньше 19.5","1.74","true"
"2026-08-25T16:07:33.000Z","tennis","63061260-279b-4bd4-b182-165ad0b3f6a7","Федерико Яннакконе vs Алексей Крутых","0:0","1","2:2","Фора по Геймам","Федерико Яннакконе (+4.5)","2.01","true"
"2026-08-25T16:07:33.000Z","tennis","63061260-279b-4bd4-b182-165ad0b3f6a7","Федерико Яннакконе vs Алексей Крутых","0:0","1","2:2","Фора по Геймам","Алексей Крутых (-4.5)","1.75","true"
"2026-08-25T16:07:33.000Z","tennis","63061260-279b-4bd4-b182-165ad0b3f6a7","Федерико Яннакконе vs Алексей Крутых","0:0","1","2:2","Тотал геймов","Больше 21.5","2.11","true"
"2026-08-25T16:07:33.000Z","tennis","63061260-279b-4bd4-b182-165ad0b3f6a7","Федерико Яннакконе vs Алексей Крутых","0:0","1","2:2","Тотал геймов","Меньше 21.5","1.68","true"
"2026-08-25T16:07:49.500Z","esports_league_of_legends","c7dc5303-57f4-4466-abd8-414658bc2442","BNK FearX Youth vs Hanwha Life Esports Challengers","1:0","2","5:3","Победитель","Hanwha Life Esports Challengers","6.22","true"
"2026-08-25T16:07:54.000Z","esports_dota_2","44feb73c-0c98-4745-ba41-a686b12d89aa","Klim Sani4 vs Team Lynx","0:0","1","9:8","Победитель","Team Lynx","6.47","true"
"2026-08-25T16:08:18.000Z","esports_league_of_legends","c7dc5303-57f4-4466-abd8-414658bc2442","BNK FearX Youth vs Hanwha Life Esports Challengers","1:0","2","5:3","Победитель","Hanwha Life Esports Challengers","6.36","true"
"2026-08-25T16:08:18.000Z","esports_league_of_legends","c7dc5303-57f4-4466-abd8-414658bc2442","BNK FearX Youth vs Hanwha Life Esports Challengers","1:0","2","5:3","Фора по картам","BNK FearX Youth (-2.5)","1.83","true"
"2026-08-25T16:08:18.000Z","esports_league_of_legends","c7dc5303-57f4-4466-abd8-414658bc2442","BNK FearX Youth vs Hanwha Life Esports Challengers","1:0","2","5:3","Фора по картам","Hanwha Life Esports Challengers (+2.5)","1.91","true"
"2026-08-25T16:08:18.000Z","esports_league_of_legends","c7dc5303-57f4-4466-abd8-414658bc2442","BNK FearX Youth vs Hanwha Life Esports Challengers","1:0","2","5:3","Тотал карт","Больше 3.5","3.46","true"
"2026-08-25T16:08:18.000Z","esports_league_of_legends","c7dc5303-57f4-4466-abd8-414658bc2442","BNK FearX Youth vs Hanwha Life Esports Challengers","1:0","2","5:3","Тотал карт","Меньше 3.5","1.28","true"
"2026-08-25T16:08:30.000Z","tennis","a7b73a8d-cee0-483b-a8f1-380645867ad6","Matthew Donald vs Хассан, Беньямин","0:1","2","0:1","Победитель","Matthew Donald","6.06","true"
"2026-08-25T16:08:30.000Z","tennis","a7b73a8d-cee0-483b-a8f1-380645867ad6","Matthew Donald vs Хассан, Беньямин","0:1","2","0:1","Победитель","Хассан, Беньямин","1.1","true"
"2026-08-25T16:08:30.000Z","tennis","a7b73a8d-cee0-483b-a8f1-380645867ad6","Matthew Donald vs Хассан, Беньямин","0:1","2","0:1","Фора по Геймам","Matthew Donald (+4.5)","1.81","true"
"2026-08-25T16:08:30.000Z","tennis","a7b73a8d-cee0-483b-a8f1-380645867ad6","Matthew Donald vs Хассан, Беньямин","0:1","2","0:1","Фора по Геймам","Хассан, Беньямин (-4.5)","1.93","true"
"2026-08-25T16:08:30.000Z","tennis","a7b73a8d-cee0-483b-a8f1-380645867ad6","Matthew Donald vs Хассан, Беньямин","0:1","2","0:1","Тотал геймов","Больше 19.5","2.24","true"
"2026-08-25T16:08:30.000Z","tennis","a7b73a8d-cee0-483b-a8f1-380645867ad6","Matthew Donald vs Хассан, Беньямин","0:1","2","0:1","Тотал геймов","Меньше 19.5","1.61","true"
"2026-08-25T16:08:37.500Z","esports_dota_2","44feb73c-0c98-4745-ba41-a686b12d89aa","Klim Sani4 vs Team Lynx","0:0","1","9:8","Победитель","Klim Sani4","1.08","true"
"2026-08-25T16:08:37.500Z","esports_dota_2","44feb73c-0c98-4745-ba41-a686b12d89aa","Klim Sani4 vs Team Lynx","0:0","1","9:8","Победитель","Team Lynx","6.84","true"
"2026-08-25T16:08:37.500Z","esports_dota_2","44feb73c-0c98-4745-ba41-a686b12d89aa","Klim Sani4 vs Team Lynx","0:0","1","9:8","Фора по картам","Klim Sani4 (-1.5)","1.9","true"
"2026-08-25T16:08:37.500Z","esports_dota_2","44feb73c-0c98-4745-ba41-a686b12d89aa","Klim Sani4 vs Team Lynx","0:0","1","9:8","Фора по картам","Team Lynx (+1.5)","1.84","true"
"2026-08-25T16:08:43.500Z","esports_dota_2","687d2fd8-525b-472c-a6c3-e22cf5061ac4","Nethercore vs Jujutsu","0:1","","","Победитель","Nethercore","4.7","true"
"2026-08-25T16:08:43.500Z","esports_dota_2","687d2fd8-525b-472c-a6c3-e22cf5061ac4","Nethercore vs Jujutsu","0:1","","","Победитель","Jujutsu","1.17","true"
"2026-08-25T16:08:43.500Z","esports_dota_2","687d2fd8-525b-472c-a6c3-e22cf5061ac4","Nethercore vs Jujutsu","0:1","","","Фора по картам","Nethercore (+1.5)","1.67","true"
"2026-08-25T16:08:43.500Z","esports_dota_2","687d2fd8-525b-472c-a6c3-e22cf5061ac4","Nethercore vs Jujutsu","0:1","","","Фора по картам","Jujutsu (-1.5)","2.12","true"
"2026-08-25T16:08:43.500Z","esports_dota_2","687d2fd8-525b-472c-a6c3-e22cf5061ac4","Nethercore vs Jujutsu","0:1","","","Тотал карт","Больше 2.5","1.5","true"
"2026-08-25T16:08:43.500Z","esports_dota_2","687d2fd8-525b-472c-a6c3-e22cf5061ac4","Nethercore vs Jujutsu","0:1","","","Тотал карт","Меньше 2.5","2.48","true"
"2026-08-25T16:09:06.000Z","tennis","8a61df01-60a2-4cea-83fd-4006c2d08666","Alena Kovackova vs Laura Boehner","0:0","","","Фора по Геймам","Alena Kovackova (-8.5)","1.87","true"
"2026-08-25T16:09:06.000Z","tennis","8a61df01-60a2-4cea-83fd-4006c2d08666","Alena Kovackova vs Laura Boehner","0:0","","","Фора по Геймам","Laura Boehner (+8.5)","1.87","true"
"2026-08-25T16:09:06.000Z","tennis","8a61df01-60a2-4cea-83fd-4006c2d08666","Alena Kovackova vs Laura Boehner","0:0","","","Тотал геймов","Больше 15.5","2.03","true"
"2026-08-25T16:09:06.000Z","tennis","8a61df01-60a2-4cea-83fd-4006c2d08666","Alena Kovackova vs Laura Boehner","0:0","","","Тотал геймов","Меньше 15.5","1.73","true"
"2026-08-25T16:09:06.000Z","tennis","429ab937-4aaa-4695-8044-f1f4f1128c09","Oliver Bonding vs Millen Hurrion","0:0","","","Победитель","Oliver Bonding","1.37","true"
"2026-08-25T16:09:06.000Z","tennis","429ab937-4aaa-4695-8044-f1f4f1128c09","Oliver Bonding vs Millen Hurrion","0:0","","","Победитель","Millen Hurrion","2.94","true"
"2026-08-25T16:09:06.000Z","tennis","429ab937-4aaa-4695-8044-f1f4f1128c09","Oliver Bonding vs Millen Hurrion","0:0","","","Тотал геймов","Больше 23.5","1.98","true"
"2026-08-25T16:09:06.000Z","tennis","429ab937-4aaa-4695-8044-f1f4f1128c09","Oliver Bonding vs Millen Hurrion","0:0","","","Тотал геймов","Меньше 23.5","1.77","true"
"2026-08-25T16:09:06.000Z","tennis","4ffcbfa8-cb2c-410e-b91a-d88b57881461","Marc Vives Martinez vs Andrea Baudel","0:0","","","Фора по Геймам","Marc Vives Martinez (+8.5)","2.14","true"
"2026-08-25T16:09:06.000Z","tennis","4ffcbfa8-cb2c-410e-b91a-d88b57881461","Marc Vives Martinez vs Andrea Baudel","0:0","","","Фора по Геймам","Andrea Baudel (-8.5)","1.66","true"
"2026-08-25T16:09:06.000Z","tennis","4ffcbfa8-cb2c-410e-b91a-d88b57881461","Marc Vives Martinez vs Andrea Baudel","0:0","","","Тотал геймов","Больше 15.5","2.12","true"
"2026-08-25T16:09:06.000Z","tennis","4ffcbfa8-cb2c-410e-b91a-d88b57881461","Marc Vives Martinez vs Andrea Baudel","0:0","","","Тотал геймов","Меньше 15.5","1.67","true"
"2026-08-25T16:09:16.500Z","tennis","a7b73a8d-cee0-483b-a8f1-380645867ad6","Matthew Donald vs Хассан, Беньямин","0:1","2","0:1","Фора по Геймам","Matthew Donald (+4.5)","1.87","true"
"2026-08-25T16:09:16.500Z","tennis","a7b73a8d-cee0-483b-a8f1-380645867ad6","Matthew Donald vs Хассан, Беньямин","0:1","2","0:1","Фора по Геймам","Хассан, Беньямин (-4.5)","1.87","true"
"2026-08-25T16:09:16.500Z","tennis","a7b73a8d-cee0-483b-a8f1-380645867ad6","Matthew Donald vs Хассан, Беньямин","0:1","2","0:1","Тотал геймов","Больше 19.5","2.36","true"
"2026-08-25T16:09:16.500Z","tennis","a7b73a8d-cee0-483b-a8f1-380645867ad6","Matthew Donald vs Хассан, Беньямин","0:1","2","0:1","Тотал геймов","Меньше 19.5","1.55","true"
"2026-08-25T16:10:45.000Z","tennis","63061260-279b-4bd4-b182-165ad0b3f6a7","Федерико Яннакконе vs Алексей Крутых","0:0","1","2:2","Победитель","Федерико Яннакконе","7.42","true"
"2026-08-25T16:10:45.000Z","tennis","63061260-279b-4bd4-b182-165ad0b3f6a7","Федерико Яннакконе vs Алексей Крутых","0:0","1","2:2","Победитель","Алексей Крутых","1.07","true"
"2026-08-25T16:10:45.000Z","tennis","63061260-279b-4bd4-b182-165ad0b3f6a7","Федерико Яннакконе vs Алексей Крутых","0:0","1","2:2","Фора по Геймам","Федерико Яннакконе (+4.5)","2.17","true"
"2026-08-25T16:10:45.000Z","tennis","63061260-279b-4bd4-b182-165ad0b3f6a7","Федерико Яннакконе vs Алексей Крутых","0:0","1","2:2","Фора по Геймам","Алексей Крутых (-4.5)","1.64","true"
"2026-08-25T16:10:45.000Z","tennis","63061260-279b-4bd4-b182-165ad0b3f6a7","Федерико Яннакконе vs Алексей Крутых","0:0","1","2:2","Тотал геймов","Больше 21.5","2.25","true"
"2026-08-25T16:10:45.000Z","tennis","63061260-279b-4bd4-b182-165ad0b3f6a7","Федерико Яннакконе vs Алексей Крутых","0:0","1","2:2","Тотал геймов","Меньше 21.5","1.6","true"
"2026-08-25T16:10:54.000Z","tennis","a7b73a8d-cee0-483b-a8f1-380645867ad6","Matthew Donald vs Хассан, Беньямин","0:1","2","0:1","Фора по Геймам","Matthew Donald (+4.5)","1.94","true"
"2026-08-25T16:10:54.000Z","tennis","a7b73a8d-cee0-483b-a8f1-380645867ad6","Matthew Donald vs Хассан, Беньямин","0:1","2","0:1","Фора по Геймам","Хассан, Беньямин (-4.5)","1.8","true"
"2026-08-25T16:10:54.000Z","tennis","a7b73a8d-cee0-483b-a8f1-380645867ad6","Matthew Donald vs Хассан, Беньямин","0:1","2","0:1","Тотал геймов","Больше 19.5","2.46","true"
"2026-08-25T16:10:54.000Z","tennis","a7b73a8d-cee0-483b-a8f1-380645867ad6","Matthew Donald vs Хассан, Беньямин","0:1","2","0:1","Тотал геймов","Меньше 19.5","1.51","true"
"2026-08-25T16:11:13.500Z","tennis","a7b73a8d-cee0-483b-a8f1-380645867ad6","Matthew Donald vs Хассан, Беньямин","0:1","2","0:1","Победитель","Matthew Donald","7.78","true"
"2026-08-25T16:11:13.500Z","tennis","a7b73a8d-cee0-483b-a8f1-380645867ad6","Matthew Donald vs Хассан, Беньямин","0:1","2","0:1","Победитель","Хассан, Беньямин","1.06","true"
"2026-08-25T16:11:13.500Z","tennis","a7b73a8d-cee0-483b-a8f1-380645867ad6","Matthew Donald vs Хассан, Беньямин","0:1","2","0:1","Фора по Геймам","Matthew Donald (+5.5)","1.8","true"
"2026-08-25T16:11:13.500Z","tennis","a7b73a8d-cee0-483b-a8f1-380645867ad6","Matthew Donald vs Хассан, Беньямин","0:1","2","0:1","Фора по Геймам","Хассан, Беньямин (-5.5)","1.94","true"
"2026-08-25T16:11:13.500Z","tennis","a7b73a8d-cee0-483b-a8f1-380645867ad6","Matthew Donald vs Хассан, Беньямин","0:1","2","0:1","Тотал геймов","Больше 18.5","1.53","true"
"2026-08-25T16:11:13.500Z","tennis","a7b73a8d-cee0-483b-a8f1-380645867ad6","Matthew Donald vs Хассан, Беньямин","0:1","2","0:1","Тотал геймов","Меньше 18.5","2.39","true"
"2026-08-25T16:11:19.500Z","tennis","686b284b-f108-4ce0-ac8a-46c042878c26","Раду Албот vs Леонардо Росси","0:0","1","3:5","Тотал геймов","Больше 25.5","1.83","true"
"2026-08-25T16:11:19.500Z","tennis","686b284b-f108-4ce0-ac8a-46c042878c26","Раду Албот vs Леонардо Росси","0:0","1","3:5","Тотал геймов","Меньше 25.5","1.91","true"
"2026-08-25T16:11:45.000Z","esports_dota_2","687d2fd8-525b-472c-a6c3-e22cf5061ac4","Nethercore vs Jujutsu","0:1","","","Фора по картам","Nethercore (+1.5)","1.7","true"
"2026-08-25T16:11:45.000Z","esports_dota_2","687d2fd8-525b-472c-a6c3-e22cf5061ac4","Nethercore vs Jujutsu","0:1","","","Фора по картам","Jujutsu (-1.5)","2.07","true"
"2026-08-25T16:11:45.000Z","esports_dota_2","687d2fd8-525b-472c-a6c3-e22cf5061ac4","Nethercore vs Jujutsu","0:1","","","Тотал карт","Больше 2.5","1.53","true"
"2026-08-25T16:11:45.000Z","esports_dota_2","687d2fd8-525b-472c-a6c3-e22cf5061ac4","Nethercore vs Jujutsu","0:1","","","Тотал карт","Меньше 2.5","2.41","true"
